{"cameraMode":{"drawMode":0,"name":"Shaded","section":"Shading Mode"},"sceneLighting":true,"audioPlay":false,"sceneViewState":{"m_AlwaysRefresh":false,"showFog":true,"showSkybox":true,"showFlares":true,"showImageEffects":true,"showParticleSystems":true,"showVisualEffectGraphs":true,"m_FxEnabled":true},"in2DMode":false,"pivot":{"x":17.120283126831056,"y":0.5717964172363281,"z":14.94784927368164},"rotation":{"x":-0.14987142384052277,"y":0.6758193969726563,"z":-0.1432069092988968,"w":-0.7073479890823364},"size":124.72815704345703,"orthographic":true}